{"dev1": {"center": [0.600493149950636, -1.279853118217415], "radius": 0.16431970799569925}, "dev2": {"center": [-0.18352598695063488, -2.449950481816941], "radius": 0.14378600342887204}, "dev3": {"center": [-1.7833519840627607, 1.3046790473501646], "radius": 0.1254790962041977}, "dev4": {"center": [-0.8668068750244691, -1.5901496112573263], "radius": 0.1203133481363121}, "dev5": {"center": [0.5348210003768519, 0.22028997019671323], "radius": 0.17674289040284816}}