{"dev1": {"center": [0.22418918238787036, -2.0181988796809507], "radius": 0.15115615676432126}, "dev2": {"center": [-0.8442740560437922, -1.9625731537535334], "radius": 0.16963696857736843}, "dev3": {"center": [-1.1533281881599036, 0.7918760427288608], "radius": 0.13908538041945356}, "dev4": {"center": [-0.09934255418497542, -1.2847428721854526], "radius": 0.1331418526037256}, "dev5": {"center": [-0.5478633688267643, 0.11372210098193801], "radius": 0.17068062592376432}}