{"dev1": {"center": [2.0160850455166024, -3.5764643441200232], "radius": 0.20880708931497452}, "dev2": {"center": [2.5203059865315174, -4.158724279729956], "radius": 0.18630328118449904}, "dev3": {"center": [-0.7409818194506437, -4.4099708451533175], "radius": 0.28884992803104403}, "dev4": {"center": [0.8520581086757517, -4.001307280125462], "radius": 0.19174931749795032}, "dev5": {"center": [0.37586664830428546, -1.514129586999578], "radius": 0.16570802333998583}}