{"dev1": {"center": [2.416503391663575, -2.137948513058737], "radius": 0.20773293805159718}, "dev2": {"center": [1.1062300482574394, -3.7509868510454876], "radius": 0.2286715189258497}, "dev3": {"center": [-2.175907450505032, -3.8647185195598026], "radius": 0.22476865583499078}, "dev4": {"center": [0.4043755561269194, -5.458081062641938], "radius": 0.230996920450363}, "dev5": {"center": [0.37659505604329335, -1.514309136338149], "radius": 0.14599776719754415}}