{"dev1": {"dev2": [[0.009244377501331533, -0.9999572698293727, -1.0643045826873558], [0.9999572698293729, 0.00924437750133176, -6.144641986522578], [0.0, 0.0, 1.0]], "dev3": [[0.09152410554840251, -0.9958028610641589, -4.5065033172066045], [0.9958028610641593, 0.09152410554840273, -6.082833543444736], [0.0, 0.0, 1.0]], "dev4": [[-0.999644437697365, -0.026664549137754602, 2.767536899103916], [0.02666454913775466, -0.9996444376973649, -7.644981171171544], [0.0, 0.0, 1.0]]}, "dev2": {"dev1": [[0.009244377501331395, 0.999957269829373, 6.154218258260811], [-0.9999572698293728, 0.009244377501331435, -1.007455714636992], [0.0, 0.0, 1.0]], "dev3": [[0.9966063936201557, 0.08231461714317302, -2.9400167127386814], [-0.082314617143173, 0.9966063936201558, -0.04665187741711385], [0.0, 0.0, 1.0]], "dev4": [[0.01742231920783967, -0.9998482198781077, -3.3576297987350183], [0.9998482198781078, 0.017422319207839574, -6.47378421465639], [0.0, 0.0, 1.0]]}, "dev3": {"dev1": [[0.09152410554840253, 0.9958028610641593, 6.46975673119755], [-0.9958028610641593, 0.09152410554840253, -3.930862997405861], [0.0, 0.0, 1.0]], "dev2": [[0.9966063936201556, -0.08231461714317305, 2.9261993218368825], [0.08231461714317313, 0.9966063936201557, 0.2884999094118941], [0.0, 0.0, 1.0]], "dev4": [[-0.06493892870632519, -0.9978892401155929, -3.5951047409446897], [0.9978892401155928, -0.06493892870632517, -3.5430026941960486], [0.0, 0.0, 1.0]]}, "dev4": {"dev1": [[-0.9996444376973646, 0.02666454913775476, 2.970402843407354], [-0.02666454913775457, -0.9996444376973646, -7.568467780426012], [0.0, 0.0, 1.0]], "dev2": [[0.017422319207839588, 0.9998482198781073, 6.531299321034498], [-0.9998482198781073, 0.017422319207839727, -3.244331842204477], [0.0, 0.0, 1.0]], "dev3": [[-0.06493892870632499, 0.9978892401155927, 3.302062015774814], [-0.9978892401155925, -0.06493892870632502, -3.817595137441974], [0.0, 0.0, 1.0]]}}