{"dev1": {"center": [0.9059677929461851, 0.5995421684702871], "radius": 0.1289977966857216}, "dev2": {"center": [0.862128184467375, -2.678831993785451], "radius": 0.16402137213414938}, "dev3": {"center": [1.944599576572423, -1.3699812917388035], "radius": 0.14486153180244551}, "dev4": {"center": [1.9452535920863352, -0.2297634899680554], "radius": 0.14331442259540686}, "dev5": {"center": [2.655948627406143, 0.1462109293018109], "radius": 0.13129547944212513}}