{"dev1": {"center": [1.411005494076519, 0.12944142380216017], "radius": 0.14933582173813884}, "dev2": {"center": [0.28378879386085254, -2.352003460480068], "radius": 0.15292803589620044}, "dev3": {"center": [1.460546021702993, -0.9164718512580116], "radius": 0.14278479876862207}, "dev4": {"center": [1.5358074190608937, 0.28473821482814426], "radius": 0.13280906844570556}, "dev5": {"center": [2.689827504328533, 0.8093562665156803], "radius": 0.18885013867720354}}