{"dev1": {"dev2": [[-0.9724650193370102, 0.23304889222192882, 1.6146018160345208], [-0.2330488922219288, -0.9724650193370102, -1.890978176630744], [0.0, 0.0, 1.0]], "dev3": [[-0.9999947327557267, -0.003245683410841912, 2.862236365593029], [0.0032456834108420085, -0.9999947327557266, -0.7824967761100367], [0.0, 0.0, 1.0]], "dev4": [[-0.9889157137047686, -0.14847798216499578, 2.940295157865086], [0.14847798216499583, -0.9889157137047686, 0.2159292679519666], [0.0, 0.0, 1.0]], "dev5": [[-0.6431018686202263, -0.765780638680016, 3.6970337515198857], [0.7657806386800161, -0.6431018686202263, -0.17495768866969774], [0.0, 0.0, 1.0]]}, "dev2": {"dev1": [[-0.9724650193370104, -0.23304889222192868, 1.129453416971945], [0.23304889222192873, -0.9724650193370104, -2.2151912937094402], [0.0, 0.0, 1.0]], "dev3": [[0.971703494202806, 0.23620397827737225, 1.7399787073619615], [-0.2362039782773721, 0.9717034942028061, 1.4363486978645321], [0.0, 0.0, 1.0]], "dev4": [[0.9270833093876816, 0.3748553553769573, 2.1522680593234305], [-0.3748553553769574, 0.9270833093876816, 2.574265711464582], [0.0, 0.0, 1.0]], "dev5": [[0.446929741574057, 0.894569061669666, 4.667030752240954], [-0.8945690616696659, 0.446929741574057, 2.114549530674202], [0.0, 0.0, 1.0]]}, "dev3": {"dev1": [[-0.9999947327557267, 0.0032456834108420137, 2.8647610263001804], [-0.003245683410841888, -0.9999947327557267, -0.7732027414186603], [0.0, 0.0, 1.0]], "dev2": [[0.9717034942028062, -0.23620397827737202, -1.3514721131529739], [0.23620397827737194, 0.9717034942028061, -1.8066949414054303], [0.0, 0.0, 1.0]], "dev4": [[0.9893924173677269, 0.14526749276850184, 0.2220915457981243], [-0.1452674927685019, 0.9893924173677267, 1.4059155453904573], [0.0, 0.0, 1.0]], "dev5": [[0.6455839627608991, 0.7636893000598698, 2.4468042715085634], [-0.7636893000598699, 0.6455839627608992, 2.516068967544694], [0.0, 0.0, 1.0]]}, "dev4": {"dev1": [[-0.9889157137047684, 0.1484779821649954, 2.8756433425469536], [-0.14847798216499553, -0.9889157137047684, 0.6501049381357824], [0.0, 0.0, 1.0]], "dev2": [[0.9270833093876812, -0.37485535537695736, -1.0303545070211972], [0.37485535537695724, 0.9270833093876811, -3.193347983271976], [0.0, 0.0, 1.0]], "dev3": [[0.9893924173677264, -0.1452674927685017, -0.0155018650510097], [0.14526749276850173, 0.9893924173677264, -1.4232648620919037], [0.0, 0.0, 1.0]], "dev5": [[0.7496751074036717, 0.661806039062272, 1.3498643697079744], [-0.661806039062272, 0.7496751074036716, 1.609070606287486], [0.0, 0.0, 1.0]]}, "dev5": {"dev1": [[-0.6431018686202263, 0.765780638680016, 2.511548524525945], [-0.765780638680016, -0.6431018686202264, 2.7186012509475157], [0.0, 0.0, 1.0]], "dev2": [[0.4469297415740571, -0.8945690616696659, -0.19422425850797342], [0.8945690616696659, 0.44692974157405685, -5.120036396105431], [0.0, 0.0, 1.0]], "dev3": [[0.6455839627608996, -0.7636893000598699, 0.341877351025772], [0.7636893000598697, 0.6455839627608992, -3.4929320161391018], [0.0, 0.0, 1.0]], "dev4": [[0.7496751074036714, -0.661806039062272, 0.05293292817743467], [0.6618060390622716, 0.7496751074036712, -2.099628571376386], [0.0, 0.0, 1.0]]}}